date,global,north,south
188001,-29.0,-53.0,-5.0
188002,-20.0,-43.0,3.0
188003,-18.0,-29.0,-6.0
188004,-27.0,-46.0,-8.0
188005,-14.0,-10.0,-17.0
188006,-28.0,-26.0,-31.0
188007,-23.0,-28.0,-18.0
188008,-7.0,-28.0,14.0
188009,-16.0,-32.0,0.0
188010,-16.0,-25.0,-6.0
188011,-18.0,-38.0,2.0
188012,-21.0,-40.0,-1.0
188101,-9.0,-5.0,-12.0
188102,-13.0,-24.0,-3.0
188103,2.0,-1.0,4.0
188104,-3.0,-7.0,2.0
188105,-4.0,-12.0,4.0
188106,-28.0,-42.0,-14.0
188107,-6.0,-4.0,-7.0
188108,-2.0,-3.0,0.0
188109,-8.0,-21.0,4.0
188110,-19.0,-34.0,-4.0
188111,-26.0,-41.0,-10.0
188112,-15.0,-29.0,-1.0
188201,10.0,18.0,2.0
188202,9.0,19.0,-1.0
188203,2.0,-3.0,7.0
188204,-19.0,-40.0,1.0
188205,-17.0,-31.0,-3.0
188206,-24.0,-31.0,-18.0
188207,-10.0,-17.0,-2.0
188208,4.0,1.0,6.0
188209,0.0,-3.0,2.0
188210,-22.0,-48.0,4.0
188211,-20.0,-35.0,-6.0
188212,-24.0,-36.0,-12.0
188301,-33.0,-56.0,-9.0
188302,-41.0,-65.0,-17.0
188303,-17.0,-17.0,-17.0
188304,-23.0,-29.0,-18.0
188305,-25.0,-29.0,-20.0
188306,-11.0,-23.0,1.0
188307,-8.0,-14.0,-1.0
188308,-12.0,-26.0,1.0
188309,-18.0,-30.0,-6.0
188310,-11.0,-12.0,-9.0
188311,-19.0,-33.0,-6.0
188312,-17.0,-25.0,-10.0
188401,-17.0,-21.0,-14.0
188402,-11.0,-13.0,-8.0
188403,-33.0,-64.0,-3.0
188404,-35.0,-58.0,-12.0
188405,-31.0,-40.0,-23.0
188406,-37.0,-48.0,-27.0
188407,-33.0,-43.0,-23.0
188408,-25.0,-48.0,-2.0
188409,-22.0,-43.0,-2.0
188410,-21.0,-35.0,-8.0
188411,-29.0,-43.0,-16.0
188412,-28.0,-36.0,-20.0
188501,-63.0,-107.0,-20.0
188502,-28.0,-34.0,-23.0
188503,-23.0,-17.0,-28.0
188504,-43.0,-54.0,-32.0
188505,-41.0,-54.0,-27.0
188506,-50.0,-54.0,-45.0
188507,-27.0,-32.0,-23.0
188508,-26.0,-42.0,-11.0
188509,-18.0,-30.0,-7.0
188510,-18.0,-26.0,-10.0
188511,-21.0,-25.0,-17.0
188512,-5.0,3.0,-13.0
188601,-41.0,-63.0,-19.0
188602,-44.0,-64.0,-25.0
188603,-40.0,-55.0,-26.0
188604,-29.0,-35.0,-22.0
188605,-26.0,-34.0,-19.0
188606,-38.0,-41.0,-35.0
188607,-15.0,-14.0,-17.0
188608,-30.0,-45.0,-16.0
188609,-18.0,-29.0,-8.0
188610,-24.0,-24.0,-24.0
188611,-25.0,-33.0,-17.0
188612,-24.0,-12.0,-37.0
188701,-65.0,-99.0,-31.0
188702,-47.0,-53.0,-42.0
188703,-30.0,-31.0,-29.0
188704,-37.0,-40.0,-33.0
188705,-33.0,-31.0,-34.0
188706,-20.0,-13.0,-26.0
188707,-18.0,-11.0,-25.0
188708,-27.0,-42.0,-11.0
188709,-19.0,-12.0,-26.0
188710,-31.0,-37.0,-25.0
188711,-25.0,-19.0,-32.0
188712,-37.0,-43.0,-31.0
188801,-42.0,-57.0,-27.0
188802,-41.0,-57.0,-26.0
188803,-47.0,-62.0,-32.0
188804,-28.0,-29.0,-26.0
188805,-22.0,-13.0,-31.0
188806,-20.0,-3.0,-37.0
188807,-8.0,7.0,-23.0
188808,-10.0,-8.0,-12.0
188809,-7.0,-7.0,-7.0
188810,2.0,6.0,-2.0
188811,0.0,-2.0,3.0
188812,-11.0,-32.0,9.0
188901,-19.0,-38.0,0.0
188902,15.0,29.0,1.0
188903,5.0,3.0,7.0
188904,5.0,12.0,-2.0
188905,-2.0,-7.0,2.0
188906,-11.0,-12.0,-10.0
188907,-4.0,2.0,-10.0
188908,-17.0,-12.0,-22.0
188909,-18.0,-20.0,-16.0
188910,-21.0,-33.0,-10.0
188911,-30.0,-53.0,-7.0
188912,-29.0,-50.0,-8.0
189001,-46.0,-64.0,-29.0
189002,-46.0,-56.0,-37.0
189003,-40.0,-41.0,-40.0
189004,-37.0,-33.0,-41.0
189005,-47.0,-47.0,-48.0
189006,-27.0,-15.0,-39.0
189007,-28.0,-28.0,-29.0
189008,-36.0,-40.0,-31.0
189009,-35.0,-40.0,-31.0
189010,-22.0,-11.0,-33.0
189011,-37.0,-51.0,-22.0
189012,-29.0,-39.0,-20.0
189101,-45.0,-60.0,-29.0
189102,-47.0,-68.0,-27.0
189103,-14.0,-8.0,-20.0
189104,-25.0,-26.0,-23.0
189105,-16.0,-15.0,-17.0
189106,-21.0,-11.0,-31.0
189107,-21.0,-13.0,-28.0
189108,-20.0,-10.0,-31.0
189109,-13.0,4.0,-30.0
189110,-23.0,-23.0,-23.0
189111,-36.0,-53.0,-20.0
189112,-1.0,9.0,-11.0
189201,-25.0,-34.0,-16.0
189202,-13.0,-14.0,-12.0
189203,-35.0,-52.0,-19.0
189204,-34.0,-40.0,-28.0
189205,-24.0,-22.0,-26.0
189206,-19.0,0.0,-38.0
189207,-27.0,-14.0,-39.0
189208,-19.0,-6.0,-32.0
189209,-24.0,-31.0,-17.0
189210,-15.0,-21.0,-10.0
189211,-49.0,-85.0,-12.0
189212,-28.0,-47.0,-9.0
189301,-67.0,-129.0,-5.0
189302,-50.0,-83.0,-17.0
189303,-23.0,-26.0,-20.0
189304,-31.0,-28.0,-35.0
189305,-34.0,-35.0,-34.0
189306,-23.0,-17.0,-29.0
189307,-13.0,-11.0,-15.0
189308,-23.0,-23.0,-22.0
189309,-18.0,-16.0,-20.0
189310,-15.0,-19.0,-12.0
189311,-16.0,-20.0,-12.0
189312,-36.0,-62.0,-11.0
189401,-54.0,-84.0,-23.0
189402,-30.0,-39.0,-22.0
189403,-20.0,-16.0,-23.0
189404,-41.0,-49.0,-32.0
189405,-29.0,-23.0,-36.0
189406,-43.0,-45.0,-41.0
189407,-31.0,-29.0,-32.0
189408,-27.0,-27.0,-28.0
189409,-22.0,-25.0,-18.0
189410,-16.0,-21.0,-11.0
189411,-24.0,-46.0,-2.0
189412,-21.0,-30.0,-12.0
189501,-43.0,-70.0,-16.0
189502,-41.0,-71.0,-11.0
189503,-28.0,-34.0,-22.0
189504,-22.0,-19.0,-24.0
189505,-22.0,-24.0,-20.0
189506,-24.0,-24.0,-24.0
189507,-16.0,-16.0,-16.0
189508,-15.0,-27.0,-3.0
189509,-1.0,5.0,-7.0
189510,-10.0,-10.0,-9.0
189511,-15.0,-8.0,-22.0
189512,-11.0,-16.0,-6.0
189601,-22.0,-41.0,-3.0
189602,-14.0,-22.0,-7.0
189603,-29.0,-49.0,-8.0
189604,-32.0,-60.0,-4.0
189605,-19.0,-17.0,-22.0
189606,-13.0,7.0,-34.0
189607,-6.0,-1.0,-10.0
189608,-9.0,-9.0,-9.0
189609,-4.0,-4.0,-4.0
189610,5.0,5.0,4.0
189611,-15.0,-26.0,-4.0
189612,-11.0,-20.0,-2.0
189701,-21.0,-31.0,-11.0
189702,-18.0,-31.0,-5.0
189703,-11.0,-27.0,5.0
189704,0.0,3.0,-4.0
189705,0.0,18.0,-18.0
189706,-12.0,-1.0,-23.0
189707,-4.0,4.0,-12.0
189708,-3.0,5.0,-11.0
189709,-4.0,-1.0,-7.0
189710,-8.0,-10.0,-6.0
189711,-16.0,-22.0,-11.0
189712,-24.0,-31.0,-17.0
189801,-5.0,3.0,-14.0
189802,-32.0,-43.0,-21.0
189803,-54.0,-69.0,-40.0
189804,-32.0,-24.0,-40.0
189805,-35.0,-32.0,-37.0
189806,-20.0,-8.0,-31.0
189807,-21.0,-9.0,-33.0
189808,-22.0,-15.0,-29.0
189809,-18.0,-10.0,-26.0
189810,-31.0,-29.0,-33.0
189811,-34.0,-38.0,-30.0
189812,-20.0,-20.0,-21.0
189901,-17.0,-8.0,-25.0
189902,-38.0,-55.0,-21.0
189903,-34.0,-46.0,-21.0
189904,-20.0,-17.0,-22.0
189905,-19.0,-20.0,-19.0
189906,-25.0,-31.0,-19.0
189907,-12.0,-15.0,-9.0
189908,-3.0,2.0,-8.0
189909,0.0,3.0,-3.0
189910,1.0,18.0,-15.0
189911,13.0,40.0,-14.0
189912,-25.0,-41.0,-9.0
190001,-38.0,-55.0,-22.0
190002,-6.0,-1.0,-12.0
190003,3.0,22.0,-16.0
190004,-14.0,-12.0,-16.0
190005,-5.0,8.0,-18.0
190006,-14.0,-8.0,-20.0
190007,-7.0,-1.0,-14.0
190008,-3.0,3.0,-9.0
190009,2.0,5.0,-1.0
190010,9.0,25.0,-7.0
190011,-12.0,-14.0,-10.0
190012,-13.0,-3.0,-24.0
190101,-28.0,-36.0,-21.0
190102,-4.0,9.0,-17.0
190103,6.0,31.0,-20.0
190104,-5.0,10.0,-20.0
190105,-17.0,-10.0,-24.0
190106,-10.0,5.0,-24.0
190107,-8.0,5.0,-21.0
190108,-12.0,-5.0,-19.0
190109,-16.0,-17.0,-15.0
190110,-29.0,-26.0,-31.0
190111,-16.0,-15.0,-18.0
190112,-29.0,-36.0,-22.0
190201,-18.0,-15.0,-22.0
190202,-2.0,18.0,-22.0
190203,-28.0,-32.0,-24.0
190204,-27.0,-34.0,-19.0
190205,-30.0,-38.0,-22.0
190206,-34.0,-40.0,-27.0
190207,-25.0,-26.0,-24.0
190208,-27.0,-19.0,-34.0
190209,-20.0,-20.0,-20.0
190210,-26.0,-26.0,-26.0
190211,-35.0,-46.0,-25.0
190212,-45.0,-64.0,-27.0
190301,-27.0,-20.0,-34.0
190302,-5.0,22.0,-33.0
190303,-23.0,-14.0,-31.0
190304,-39.0,-45.0,-34.0
190305,-41.0,-49.0,-33.0
190306,-44.0,-53.0,-35.0
190307,-29.0,-33.0,-26.0
190308,-44.0,-51.0,-36.0
190309,-42.0,-40.0,-44.0
190310,-41.0,-41.0,-42.0
190311,-39.0,-36.0,-42.0
190312,-47.0,-50.0,-44.0
190401,-64.0,-75.0,-52.0
190402,-54.0,-54.0,-55.0
190403,-46.0,-39.0,-52.0
190404,-50.0,-57.0,-44.0
190405,-50.0,-46.0,-54.0
190406,-48.0,-49.0,-48.0
190407,-47.0,-54.0,-41.0
190408,-43.0,-42.0,-44.0
190409,-46.0,-54.0,-39.0
190410,-34.0,-31.0,-37.0
190411,-16.0,-7.0,-25.0
190412,-28.0,-23.0,-33.0
190501,-36.0,-42.0,-31.0
190502,-58.0,-72.0,-43.0
190503,-24.0,-18.0,-29.0
190504,-35.0,-39.0,-30.0
190505,-32.0,-27.0,-37.0
190506,-30.0,-28.0,-33.0
190507,-23.0,-15.0,-31.0
190508,-20.0,-21.0,-18.0
190509,-14.0,-8.0,-20.0
190510,-22.0,-19.0,-24.0
190511,-7.0,9.0,-24.0
190512,-20.0,-25.0,-14.0
190601,-29.0,-54.0,-5.0
190602,-32.0,-57.0,-8.0
190603,-14.0,-8.0,-19.0
190604,-1.0,12.0,-15.0
190605,-20.0,-14.0,-26.0
190606,-21.0,-5.0,-36.0
190607,-25.0,-27.0,-23.0
190608,-18.0,-10.0,-26.0
190609,-24.0,-16.0,-32.0
190610,-19.0,-9.0,-29.0
190611,-37.0,-37.0,-38.0
190612,-17.0,2.0,-36.0
190701,-43.0,-52.0,-33.0
190702,-51.0,-68.0,-34.0
190703,-24.0,-23.0,-25.0
190704,-39.0,-47.0,-32.0
190705,-45.0,-57.0,-34.0
190706,-42.0,-49.0,-36.0
190707,-34.0,-38.0,-29.0
190708,-36.0,-38.0,-34.0
190709,-31.0,-36.0,-26.0
190710,-24.0,-20.0,-28.0
190711,-51.0,-60.0,-41.0
190712,-49.0,-53.0,-44.0
190801,-44.0,-48.0,-40.0
190802,-35.0,-27.0,-42.0
190803,-57.0,-68.0,-45.0
190804,-45.0,-47.0,-43.0
190805,-39.0,-33.0,-45.0
190806,-38.0,-32.0,-44.0
190807,-34.0,-36.0,-31.0
190808,-45.0,-55.0,-34.0
190809,-32.0,-27.0,-37.0
190810,-42.0,-42.0,-43.0
190811,-50.0,-59.0,-42.0
190812,-49.0,-53.0,-45.0
190901,-69.0,-88.0,-51.0
190902,-46.0,-45.0,-47.0
190903,-51.0,-59.0,-43.0
190904,-58.0,-66.0,-49.0
190905,-53.0,-50.0,-56.0
190906,-51.0,-51.0,-52.0
190907,-42.0,-39.0,-45.0
190908,-29.0,-28.0,-31.0
190909,-37.0,-35.0,-39.0
190910,-38.0,-30.0,-46.0
190911,-31.0,-12.0,-50.0
190912,-54.0,-52.0,-56.0
191001,-43.0,-39.0,-48.0
191002,-42.0,-38.0,-46.0
191003,-47.0,-44.0,-50.0
191004,-38.0,-35.0,-42.0
191005,-33.0,-34.0,-33.0
191006,-36.0,-42.0,-29.0
191007,-30.0,-35.0,-25.0
191008,-33.0,-36.0,-30.0
191009,-36.0,-38.0,-34.0
191010,-38.0,-24.0,-52.0
191011,-56.0,-56.0,-57.0
191012,-69.0,-79.0,-59.0
191101,-63.0,-74.0,-52.0
191102,-60.0,-60.0,-60.0
191103,-62.0,-60.0,-63.0
191104,-54.0,-44.0,-64.0
191105,-51.0,-46.0,-57.0
191106,-46.0,-27.0,-66.0
191107,-40.0,-35.0,-45.0
191108,-43.0,-41.0,-45.0
191109,-38.0,-30.0,-45.0
191110,-25.0,-12.0,-38.0
191111,-20.0,-13.0,-26.0
191112,-25.0,-33.0,-16.0
191201,-27.0,-42.0,-12.0
191202,-14.0,-16.0,-11.0
191203,-36.0,-59.0,-13.0
191204,-20.0,-23.0,-16.0
191205,-19.0,-15.0,-23.0
191206,-25.0,-18.0,-32.0
191207,-39.0,-52.0,-27.0
191208,-51.0,-71.0,-30.0
191209,-46.0,-65.0,-28.0
191210,-55.0,-78.0,-31.0
191211,-37.0,-47.0,-28.0
191212,-40.0,-52.0,-29.0
191301,-40.0,-54.0,-25.0
191302,-43.0,-57.0,-29.0
191303,-43.0,-43.0,-42.0
191304,-35.0,-46.0,-24.0
191305,-44.0,-57.0,-30.0
191306,-44.0,-53.0,-35.0
191307,-33.0,-52.0,-14.0
191308,-31.0,-41.0,-22.0
191309,-32.0,-38.0,-25.0
191310,-33.0,-40.0,-27.0
191311,-17.0,-11.0,-24.0
191312,-2.0,12.0,-17.0
191401,2.0,18.0,-15.0
191402,-14.0,-10.0,-18.0
191403,-22.0,-28.0,-17.0
191404,-26.0,-34.0,-18.0
191405,-19.0,-22.0,-15.0
191406,-21.0,-24.0,-19.0
191407,-23.0,-34.0,-11.0
191408,-14.0,-20.0,-8.0
191409,-13.0,-19.0,-6.0
191410,-4.0,4.0,-13.0
191411,-20.0,-22.0,-18.0
191412,-10.0,-11.0,-8.0
191501,-19.0,-19.0,-19.0
191502,-1.0,-1.0,0.0
191503,-8.0,-17.0,2.0
191504,8.0,9.0,7.0
191505,-1.0,3.0,-5.0
191506,-14.0,-7.0,-21.0
191507,-1.0,-1.0,-2.0
191508,-14.0,-9.0,-20.0
191509,-11.0,-9.0,-14.0
191510,-21.0,-23.0,-20.0
191511,-13.0,-1.0,-24.0
191512,-25.0,-18.0,-33.0
191601,-20.0,-10.0,-30.0
191602,-22.0,-14.0,-29.0
191603,-30.0,-36.0,-24.0
191604,-25.0,-30.0,-20.0
191605,-26.0,-28.0,-24.0
191606,-42.0,-41.0,-44.0
191607,-32.0,-27.0,-37.0
191608,-26.0,-28.0,-23.0
191609,-28.0,-36.0,-20.0
191610,-27.0,-23.0,-32.0
191611,-42.0,-36.0,-48.0
191612,-79.0,-109.0,-48.0
191701,-46.0,-52.0,-40.0
191702,-55.0,-64.0,-45.0
191703,-49.0,-67.0,-30.0
191704,-39.0,-53.0,-26.0
191705,-48.0,-69.0,-27.0
191706,-39.0,-43.0,-35.0
191707,-22.0,-29.0,-15.0
191708,-26.0,-37.0,-14.0
191709,-18.0,-24.0,-12.0
191710,-35.0,-54.0,-16.0
191711,-28.0,-24.0,-33.0
191712,-70.0,-106.0,-35.0
191801,-43.0,-57.0,-29.0
191802,-32.0,-34.0,-30.0
191803,-20.0,-15.0,-25.0
191804,-39.0,-53.0,-24.0
191805,-36.0,-46.0,-27.0
191806,-28.0,-36.0,-19.0
191807,-19.0,-31.0,-8.0
191808,-26.0,-28.0,-23.0
191809,-14.0,-15.0,-12.0
191810,-3.0,5.0,-11.0
191811,-15.0,-18.0,-11.0
191812,-28.0,-53.0,-3.0
191901,-19.0,-35.0,-3.0
191902,-21.0,-41.0,-1.0
191903,-26.0,-45.0,-8.0
191904,-18.0,-33.0,-4.0
191905,-19.0,-42.0,4.0
191906,-27.0,-38.0,-16.0
191907,-20.0,-30.0,-11.0
191908,-19.0,-19.0,-19.0
191909,-17.0,-10.0,-24.0
191910,-15.0,-6.0,-25.0
191911,-30.0,-45.0,-15.0
191912,-35.0,-51.0,-18.0
192001,-14.0,-4.0,-24.0
192002,-22.0,-20.0,-25.0
192003,-6.0,11.0,-23.0
192004,-25.0,-23.0,-28.0
192005,-24.0,-19.0,-30.0
192006,-32.0,-24.0,-40.0
192007,-31.0,-23.0,-38.0
192008,-28.0,-28.0,-28.0
192009,-19.0,-31.0,-7.0
192010,-28.0,-36.0,-19.0
192011,-32.0,-42.0,-23.0
192012,-46.0,-64.0,-28.0
192101,-4.0,23.0,-30.0
192102,-21.0,-11.0,-31.0
192103,-27.0,-8.0,-47.0
192104,-35.0,-15.0,-56.0
192105,-36.0,-22.0,-49.0
192106,-30.0,-12.0,-49.0
192107,-14.0,-1.0,-28.0
192108,-23.0,-22.0,-24.0
192109,-17.0,-14.0,-19.0
192110,-6.0,0.0,-12.0
192111,-17.0,-8.0,-26.0
192112,-18.0,-12.0,-24.0
192201,-32.0,-34.0,-30.0
192202,-42.0,-61.0,-23.0
192203,-13.0,-8.0,-18.0
192204,-21.0,-17.0,-25.0
192205,-34.0,-19.0,-49.0
192206,-32.0,-15.0,-49.0
192207,-25.0,-24.0,-25.0
192208,-31.0,-32.0,-29.0
192209,-28.0,-36.0,-21.0
192210,-32.0,-29.0,-35.0
192211,-16.0,-11.0,-21.0
192212,-17.0,-14.0,-19.0
192301,-27.0,-22.0,-31.0
192302,-37.0,-44.0,-29.0
192303,-30.0,-36.0,-25.0
192304,-38.0,-53.0,-23.0
192305,-33.0,-38.0,-27.0
192306,-23.0,-21.0,-25.0
192307,-28.0,-26.0,-30.0
192308,-29.0,-19.0,-38.0
192309,-27.0,-10.0,-45.0
192310,-12.0,15.0,-38.0
192311,3.0,24.0,-17.0
192312,-5.0,14.0,-23.0
192401,-22.0,-23.0,-22.0
192402,-26.0,-18.0,-33.0
192403,-12.0,4.0,-28.0
192404,-34.0,-28.0,-40.0
192405,-18.0,-6.0,-31.0
192406,-28.0,-17.0,-38.0
192407,-26.0,-16.0,-35.0
192408,-34.0,-21.0,-47.0
192409,-31.0,-19.0,-42.0
192410,-35.0,-18.0,-51.0
192411,-23.0,13.0,-59.0
192412,-41.0,-32.0,-49.0
192501,-32.0,-19.0,-45.0
192502,-33.0,-29.0,-36.0
192503,-22.0,-13.0,-31.0
192504,-24.0,-12.0,-37.0
192505,-30.0,-22.0,-38.0
192506,-33.0,-23.0,-43.0
192507,-29.0,-22.0,-35.0
192508,-17.0,-10.0,-25.0
192509,-13.0,6.0,-32.0
192510,-17.0,-4.0,-31.0
192511,4.0,23.0,-16.0
192512,10.0,29.0,-8.0
192601,20.0,51.0,-11.0
192602,8.0,24.0,-9.0
192603,13.0,37.0,-12.0
192604,-14.0,-11.0,-17.0
192605,-24.0,-22.0,-27.0
192606,-25.0,-17.0,-32.0
192607,-19.0,-15.0,-24.0
192608,-10.0,-6.0,-14.0
192609,-10.0,0.0,-20.0
192610,-11.0,9.0,-32.0
192611,-7.0,18.0,-32.0
192612,-30.0,-24.0,-35.0
192701,-27.0,-23.0,-31.0
192702,-19.0,-5.0,-34.0
192703,-38.0,-42.0,-33.0
192704,-31.0,-30.0,-32.0
192705,-24.0,-13.0,-36.0
192706,-27.0,-12.0,-41.0
192707,-13.0,-4.0,-22.0
192708,-18.0,-9.0,-27.0
192709,-5.0,7.0,-18.0
192710,-1.0,27.0,-28.0
192711,-4.0,17.0,-24.0
192712,-36.0,-36.0,-36.0
192801,-3.0,29.0,-35.0
192802,-11.0,13.0,-36.0
192803,-28.0,-24.0,-31.0
192804,-28.0,-29.0,-27.0
192805,-30.0,-12.0,-47.0
192806,-41.0,-27.0,-55.0
192807,-20.0,-9.0,-32.0
192808,-25.0,-16.0,-33.0
192809,-20.0,-11.0,-28.0
192810,-18.0,-5.0,-32.0
192811,-10.0,6.0,-26.0
192812,-20.0,-6.0,-35.0
192901,-47.0,-57.0,-38.0
192902,-58.0,-76.0,-39.0
192903,-34.0,-19.0,-50.0
192904,-41.0,-33.0,-50.0
192905,-39.0,-27.0,-50.0
192906,-43.0,-33.0,-53.0
192907,-32.0,-30.0,-34.0
192908,-29.0,-14.0,-43.0
192909,-23.0,-14.0,-31.0
192910,-15.0,2.0,-32.0
192911,-15.0,-1.0,-29.0
192912,-53.0,-61.0,-46.0
193001,-28.0,-10.0,-47.0
193002,-23.0,-17.0,-29.0
193003,-9.0,16.0,-33.0
193004,-24.0,-12.0,-36.0
193005,-24.0,-18.0,-30.0
193006,-17.0,-9.0,-25.0
193007,-15.0,4.0,-34.0
193008,-10.0,9.0,-28.0
193009,-10.0,4.0,-24.0
193010,-8.0,10.0,-27.0
193011,14.0,42.0,-14.0
193012,-7.0,11.0,-25.0
193101,-10.0,5.0,-25.0
193102,-20.0,-26.0,-14.0
193103,-6.0,1.0,-14.0
193104,-20.0,-12.0,-27.0
193105,-22.0,-14.0,-30.0
193106,-6.0,16.0,-28.0
193107,1.0,11.0,-8.0
193108,0.0,13.0,-13.0
193109,-6.0,18.0,-30.0
193110,0.0,29.0,-30.0
193111,-11.0,20.0,-41.0
193112,-9.0,7.0,-25.0
193201,13.0,40.0,-13.0
193202,-17.0,-19.0,-16.0
193203,-19.0,-17.0,-21.0
193204,-7.0,13.0,-27.0
193205,-22.0,-10.0,-34.0
193206,-29.0,-11.0,-46.0
193207,-23.0,-9.0,-36.0
193208,-24.0,-6.0,-41.0
193209,-12.0,12.0,-36.0
193210,-10.0,16.0,-35.0
193211,-27.0,-27.0,-26.0
193212,-22.0,-15.0,-29.0
193301,-31.0,-31.0,-32.0
193302,-30.0,-34.0,-26.0
193303,-28.0,-30.0,-26.0
193304,-23.0,-19.0,-28.0
193305,-25.0,-24.0,-26.0
193306,-32.0,-28.0,-36.0
193307,-20.0,-12.0,-27.0
193308,-23.0,-16.0,-29.0
193309,-26.0,-21.0,-32.0
193310,-24.0,-9.0,-38.0
193311,-32.0,-21.0,-43.0
193312,-46.0,-53.0,-39.0
193401,-25.0,-16.0,-34.0
193402,-3.0,37.0,-43.0
193403,-29.0,-27.0,-30.0
193404,-27.0,-27.0,-27.0
193405,-11.0,6.0,-28.0
193406,-13.0,-2.0,-25.0
193407,-10.0,-3.0,-18.0
193408,-10.0,-8.0,-11.0
193409,-15.0,-14.0,-16.0
193410,-11.0,11.0,-33.0
193411,-1.0,30.0,-31.0
193412,-8.0,19.0,-35.0
193501,-37.0,-40.0,-34.0
193502,12.0,60.0,-37.0
193503,-13.0,6.0,-33.0
193504,-35.0,-33.0,-37.0
193505,-26.0,-32.0,-20.0
193506,-23.0,-13.0,-32.0
193507,-19.0,-4.0,-33.0
193508,-16.0,-6.0,-26.0
193509,-17.0,-3.0,-31.0
193510,-7.0,11.0,-26.0
193511,-28.0,-33.0,-23.0
193512,-20.0,-18.0,-23.0
193601,-29.0,-28.0,-29.0
193602,-39.0,-52.0,-26.0
193603,-25.0,-17.0,-32.0
193604,-20.0,-5.0,-35.0
193605,-16.0,-1.0,-30.0
193606,-18.0,5.0,-42.0
193607,-5.0,13.0,-24.0
193608,-11.0,4.0,-27.0
193609,-5.0,8.0,-18.0
193610,-3.0,6.0,-12.0
193611,-4.0,8.0,-16.0
193612,-2.0,17.0,-21.0
193701,-8.0,5.0,-21.0
193702,6.0,29.0,-18.0
193703,-17.0,-16.0,-17.0
193704,-16.0,-7.0,-26.0
193705,-6.0,9.0,-22.0
193706,-7.0,13.0,-27.0
193707,-4.0,14.0,-22.0
193708,3.0,15.0,-9.0
193709,14.0,33.0,-5.0
193710,9.0,34.0,-15.0
193711,10.0,27.0,-7.0
193712,-10.0,-5.0,-15.0
193801,2.0,27.0,-22.0
193802,-3.0,20.0,-25.0
193803,6.0,34.0,-21.0
193804,5.0,30.0,-20.0
193805,-7.0,2.0,-17.0
193806,-17.0,-8.0,-25.0
193807,-8.0,-2.0,-14.0
193808,-4.0,10.0,-18.0
193809,4.0,20.0,-13.0
193810,12.0,28.0,-4.0
193811,2.0,28.0,-23.0
193812,-23.0,-24.0,-22.0
193901,-12.0,-1.0,-23.0
193902,-11.0,-3.0,-19.0
193903,-20.0,-26.0,-13.0
193904,-12.0,-8.0,-16.0
193905,-7.0,-4.0,-11.0
193906,-8.0,-3.0,-13.0
193907,-5.0,3.0,-13.0
193908,-5.0,7.0,-17.0
193909,0.0,12.0,-12.0
193910,-3.0,7.0,-13.0
193911,6.0,21.0,-10.0
193912,40.0,80.0,0.0
194001,-14.0,-22.0,-5.0
194002,6.0,19.0,-7.0
194003,11.0,14.0,9.0
194004,15.0,27.0,3.0
194005,6.0,10.0,1.0
194006,5.0,7.0,3.0
194007,11.0,12.0,9.0
194008,1.0,0.0,1.0
194009,12.0,19.0,5.0
194010,8.0,20.0,-4.0
194011,12.0,27.0,-2.0
194012,19.0,24.0,14.0
194101,12.0,16.0,8.0
194102,22.0,42.0,2.0
194103,6.0,2.0,9.0
194104,10.0,8.0,12.0
194105,10.0,13.0,6.0
194106,4.0,13.0,-6.0
194107,15.0,18.0,13.0
194108,14.0,12.0,17.0
194109,2.0,4.0,0.0
194110,25.0,36.0,13.0
194111,12.0,11.0,14.0
194112,14.0,10.0,18.0
194201,28.0,38.0,18.0
194202,6.0,-4.0,16.0
194203,11.0,9.0,14.0
194204,13.0,11.0,15.0
194205,14.0,14.0,14.0
194206,11.0,13.0,9.0
194207,2.0,2.0,2.0
194208,-3.0,-5.0,0.0
194209,-1.0,11.0,-13.0
194210,7.0,30.0,-15.0
194211,13.0,29.0,-2.0
194212,13.0,24.0,3.0
194301,0.0,-10.0,10.0
194302,22.0,40.0,4.0
194303,2.0,4.0,0.0
194304,14.0,34.0,-6.0
194305,10.0,23.0,-3.0
194306,0.0,-4.0,4.0
194307,14.0,5.0,24.0
194308,3.0,13.0,-7.0
194309,11.0,17.0,6.0
194310,30.0,49.0,12.0
194311,26.0,40.0,12.0
194312,28.0,42.0,14.0
194401,42.0,67.0,17.0
194402,31.0,48.0,14.0
194403,36.0,36.0,35.0
194404,26.0,17.0,36.0
194405,26.0,23.0,29.0
194406,20.0,17.0,24.0
194407,22.0,11.0,32.0
194408,23.0,12.0,33.0
194409,30.0,36.0,25.0
194410,27.0,43.0,12.0
194411,13.0,20.0,7.0
194412,8.0,3.0,13.0
194501,15.0,11.0,18.0
194502,5.0,-7.0,16.0
194503,11.0,8.0,13.0
194504,24.0,24.0,24.0
194505,10.0,6.0,14.0
194506,3.0,6.0,-1.0
194507,7.0,2.0,13.0
194508,26.0,27.0,24.0
194509,21.0,17.0,25.0
194510,22.0,27.0,16.0
194511,9.0,11.0,8.0
194512,-9.0,-23.0,5.0
194601,16.0,35.0,-3.0
194602,6.0,19.0,-8.0
194603,-1.0,8.0,-9.0
194604,11.0,34.0,-12.0
194605,-3.0,5.0,-11.0
194606,-15.0,0.0,-31.0
194607,-8.0,-1.0,-15.0
194608,-10.0,0.0,-19.0
194609,-2.0,0.0,-5.0
194610,-6.0,5.0,-17.0
194611,-2.0,13.0,-16.0
194612,-27.0,-38.0,-17.0
194701,-9.0,-10.0,-7.0
194702,-4.0,-1.0,-8.0
194703,6.0,29.0,-16.0
194704,5.0,20.0,-11.0
194705,-6.0,-3.0,-10.0
194706,-3.0,-5.0,-1.0
194707,-4.0,-5.0,-3.0
194708,-8.0,-5.0,-12.0
194709,-14.0,-4.0,-24.0
194710,6.0,40.0,-28.0
194711,-1.0,12.0,-13.0
194712,-16.0,-11.0,-21.0
194801,6.0,31.0,-20.0
194802,-12.0,-10.0,-15.0
194803,-24.0,-29.0,-19.0
194804,-10.0,2.0,-21.0
194805,6.0,24.0,-13.0
194806,-5.0,0.0,-10.0
194807,-13.0,-2.0,-25.0
194808,-10.0,4.0,-25.0
194809,-14.0,-5.0,-22.0
194810,-7.0,3.0,-17.0
194811,-9.0,9.0,-28.0
194812,-21.0,-32.0,-10.0
194901,10.0,29.0,-10.0
194902,-16.0,-13.0,-19.0
194903,-2.0,2.0,-6.0
194904,-8.0,-1.0,-14.0
194905,-11.0,2.0,-24.0
194906,-26.0,-18.0,-34.0
194907,-14.0,-13.0,-15.0
194908,-9.0,-1.0,-18.0
194909,-10.0,-5.0,-14.0
194910,-3.0,10.0,-17.0
194911,-9.0,5.0,-23.0
194912,-16.0,-16.0,-16.0
195001,-28.0,-39.0,-16.0
195002,-27.0,-32.0,-23.0
195003,-8.0,7.0,-24.0
195004,-21.0,-19.0,-23.0
195005,-12.0,-1.0,-24.0
195006,-8.0,-6.0,-10.0
195007,-10.0,-22.0,2.0
195008,-19.0,-23.0,-15.0
195009,-11.0,-9.0,-13.0
195010,-19.0,-7.0,-31.0
195011,-34.0,-38.0,-31.0
195012,-20.0,-7.0,-32.0
195101,-35.0,-34.0,-35.0
195102,-43.0,-52.0,-35.0
195103,-20.0,-16.0,-23.0
195104,-11.0,9.0,-30.0
195105,-2.0,16.0,-20.0
195106,-8.0,-1.0,-14.0
195107,-3.0,10.0,-15.0
195108,6.0,24.0,-13.0
195109,4.0,31.0,-23.0
195110,9.0,28.0,-9.0
195111,1.0,10.0,-9.0
195112,16.0,36.0,-4.0
195201,16.0,20.0,12.0
195202,13.0,16.0,10.0
195203,-9.0,-26.0,7.0
195204,2.0,15.0,-12.0
195205,-6.0,12.0,-24.0
195206,-4.0,16.0,-25.0
195207,5.0,14.0,-4.0
195208,7.0,6.0,8.0
195209,8.0,15.0,1.0
195210,-3.0,-2.0,-4.0
195211,-16.0,-23.0,-10.0
195212,-2.0,0.0,-5.0
195301,9.0,26.0,-9.0
195302,16.0,38.0,-5.0
195303,11.0,26.0,-4.0
195304,19.0,41.0,-2.0
195305,9.0,23.0,-5.0
195306,7.0,20.0,-5.0
195307,2.0,17.0,-12.0
195308,8.0,16.0,0.0
195309,5.0,15.0,-4.0
195310,5.0,25.0,-15.0
195311,-5.0,4.0,-14.0
195312,4.0,19.0,-11.0
195401,-27.0,-28.0,-25.0
195402,-10.0,-4.0,-15.0
195403,-12.0,-16.0,-8.0
195404,-18.0,-6.0,-29.0
195405,-20.0,-14.0,-26.0
195406,-15.0,-4.0,-27.0
195407,-16.0,-11.0,-22.0
195408,-13.0,1.0,-26.0
195409,-7.0,8.0,-23.0
195410,0.0,10.0,-11.0
195411,9.0,31.0,-14.0
195412,-16.0,-14.0,-19.0
195501,12.0,45.0,-21.0
195502,-21.0,-15.0,-27.0
195503,-35.0,-45.0,-24.0
195504,-22.0,-21.0,-23.0
195505,-20.0,-11.0,-28.0
195506,-7.0,-5.0,-8.0
195507,-7.0,-3.0,-11.0
195508,6.0,6.0,7.0
195509,-14.0,0.0,-27.0
195510,-4.0,11.0,-20.0
195511,-28.0,-36.0,-20.0
195512,-32.0,-34.0,-31.0
195601,-16.0,-9.0,-22.0
195602,-24.0,-34.0,-15.0
195603,-22.0,-24.0,-20.0
195604,-27.0,-26.0,-27.0
195605,-27.0,-28.0,-26.0
195606,-15.0,-19.0,-10.0
195607,-10.0,-22.0,2.0
195608,-26.0,-27.0,-25.0
195609,-18.0,-33.0,-3.0
195610,-23.0,-30.0,-16.0
195611,-15.0,-28.0,-3.0
195612,-9.0,-16.0,-2.0
195701,-13.0,-15.0,-10.0
195702,-6.0,-8.0,-5.0
195703,-6.0,-14.0,2.0
195704,-2.0,-8.0,3.0
195705,7.0,-6.0,21.0
195706,18.0,12.0,24.0
195707,3.0,10.0,-3.0
195708,18.0,17.0,19.0
195709,8.0,13.0,3.0
195710,0.0,6.0,-6.0
195711,8.0,11.0,6.0
195712,16.0,27.0,4.0
195801,37.0,69.0,6.0
195802,22.0,32.0,13.0
195803,9.0,17.0,0.0
195804,2.0,4.0,1.0
195805,7.0,12.0,2.0
195806,-6.0,2.0,-14.0
195807,3.0,5.0,2.0
195808,-7.0,14.0,-27.0
195809,-4.0,6.0,-15.0
195810,3.0,8.0,-2.0
195811,2.0,5.0,-1.0
195812,0.0,18.0,-17.0
195901,6.0,25.0,-12.0
195902,9.0,18.0,0.0
195903,21.0,32.0,9.0
195904,17.0,19.0,15.0
195905,6.0,2.0,9.0
195906,3.0,12.0,-7.0
195907,5.0,5.0,6.0
195908,-1.0,7.0,-9.0
195909,-5.0,12.0,-22.0
195910,-8.0,-5.0,-12.0
195911,-9.0,0.0,-18.0
195912,-2.0,7.0,-10.0
196001,-2.0,12.0,-16.0
196002,14.0,45.0,-18.0
196003,-35.0,-43.0,-28.0
196004,-16.0,-12.0,-20.0
196005,-9.0,3.0,-21.0
196006,0.0,18.0,-18.0
196007,-3.0,8.0,-13.0
196008,1.0,10.0,-9.0
196009,4.0,12.0,-4.0
196010,8.0,6.0,9.0
196011,-12.0,-8.0,-15.0
196012,18.0,41.0,-4.0
196101,7.0,16.0,-2.0
196102,19.0,29.0,9.0
196103,10.0,21.0,-1.0
196104,15.0,13.0,18.0
196105,14.0,7.0,22.0
196106,11.0,18.0,3.0
196107,-4.0,6.0,-13.0
196108,-1.0,6.0,-7.0
196109,5.0,-6.0,17.0
196110,-1.0,-5.0,4.0
196111,3.0,7.0,-2.0
196112,-15.0,-17.0,-14.0
196201,7.0,30.0,-16.0
196202,15.0,37.0,-7.0
196203,11.0,32.0,-10.0
196204,5.0,22.0,-11.0
196205,-6.0,6.0,-18.0
196206,5.0,-10.0,19.0
196207,-2.0,12.0,-17.0
196208,-3.0,6.0,-11.0
196209,-2.0,-2.0,-2.0
196210,-3.0,12.0,-19.0
196211,6.0,14.0,-3.0
196212,-1.0,12.0,-15.0
196301,-3.0,9.0,-15.0
196302,18.0,50.0,-13.0
196303,-15.0,-14.0,-15.0
196304,-5.0,4.0,-13.0
196305,-10.0,-3.0,-17.0
196306,2.0,-2.0,6.0
196307,9.0,13.0,4.0
196308,23.0,16.0,29.0
196309,19.0,15.0,24.0
196310,14.0,40.0,-12.0
196311,15.0,44.0,-13.0
196312,-1.0,6.0,-8.0
196401,-6.0,-4.0,-8.0
196402,-11.0,-8.0,-15.0
196403,-24.0,-37.0,-11.0
196404,-31.0,-31.0,-30.0
196405,-26.0,-10.0,-41.0
196406,-9.0,-9.0,-9.0
196407,-7.0,-12.0,-3.0
196408,-23.0,-23.0,-22.0
196409,-28.0,-28.0,-28.0
196410,-30.0,-31.0,-29.0
196411,-21.0,-21.0,-20.0
196412,-30.0,-28.0,-32.0
196501,-9.0,-1.0,-16.0
196502,-18.0,-40.0,4.0
196503,-12.0,-4.0,-20.0
196504,-20.0,-25.0,-14.0
196505,-14.0,-10.0,-17.0
196506,-10.0,-20.0,-1.0
196507,-10.0,-16.0,-5.0
196508,-1.0,-18.0,16.0
196509,-13.0,-19.0,-6.0
196510,-4.0,-3.0,-6.0
196511,-6.0,4.0,-16.0
196512,-6.0,-6.0,-7.0
196601,-17.0,-23.0,-11.0
196602,-1.0,8.0,-10.0
196603,4.0,1.0,7.0
196604,-14.0,-22.0,-6.0
196605,-9.0,-2.0,-16.0
196606,2.0,5.0,0.0
196607,8.0,11.0,5.0
196608,-11.0,16.0,-38.0
196609,-2.0,10.0,-15.0
196610,-15.0,-6.0,-23.0
196611,-2.0,2.0,-7.0
196612,-6.0,-5.0,-6.0
196701,-7.0,-15.0,1.0
196702,-19.0,-37.0,-1.0
196703,4.0,22.0,-14.0
196704,-6.0,5.0,-16.0
196705,12.0,21.0,3.0
196706,-8.0,-4.0,-12.0
196707,-1.0,4.0,-6.0
196708,2.0,5.0,0.0
196709,-4.0,-2.0,-6.0
196710,7.0,30.0,-16.0
196711,-6.0,3.0,-16.0
196712,-2.0,6.0,-10.0
196801,-23.0,-28.0,-17.0
196802,-14.0,-17.0,-12.0
196803,22.0,49.0,-6.0
196804,-5.0,3.0,-13.0
196805,-10.0,-4.0,-15.0
196806,-6.0,-3.0,-9.0
196807,-10.0,-7.0,-13.0
196808,-11.0,-7.0,-15.0
196809,-19.0,-3.0,-35.0
196810,11.0,3.0,19.0
196811,-5.0,-17.0,8.0
196812,-14.0,-30.0,2.0
196901,-11.0,-43.0,21.0
196902,-14.0,-44.0,16.0
196903,1.0,-17.0,18.0
196904,18.0,5.0,32.0
196905,19.0,11.0,26.0
196906,4.0,-5.0,13.0
196907,-2.0,6.0,-10.0
196908,3.0,4.0,2.0
196909,10.0,6.0,14.0
196910,9.0,4.0,15.0
196911,12.0,17.0,6.0
196912,28.0,37.0,18.0
197001,10.0,-2.0,22.0
197002,23.0,32.0,14.0
197003,8.0,-7.0,24.0
197004,10.0,-1.0,20.0
197005,-5.0,-3.0,-7.0
197006,-1.0,0.0,-2.0
197007,-4.0,-3.0,-5.0
197008,-10.0,-6.0,-14.0
197009,12.0,-4.0,27.0
197010,5.0,-17.0,27.0
197011,1.0,3.0,0.0
197012,-13.0,-31.0,4.0
197101,-3.0,-13.0,8.0
197102,-21.0,-28.0,-14.0
197103,-19.0,-26.0,-11.0
197104,-10.0,-21.0,1.0
197105,-7.0,-11.0,-2.0
197106,-18.0,-14.0,-22.0
197107,-13.0,-11.0,-14.0
197108,-3.0,-17.0,12.0
197109,1.0,-13.0,14.0
197110,-6.0,-15.0,3.0
197111,-5.0,1.0,-10.0
197112,-8.0,-14.0,-2.0
197201,-26.0,-58.0,7.0
197202,-17.0,-51.0,17.0
197203,3.0,-1.0,7.0
197204,-1.0,-11.0,8.0
197205,-1.0,-16.0,13.0
197206,4.0,-9.0,18.0
197207,2.0,-5.0,9.0
197208,18.0,-7.0,43.0
197209,4.0,-28.0,37.0
197210,7.0,-6.0,21.0
197211,1.0,-22.0,25.0
197212,18.0,-5.0,42.0
197301,27.0,15.0,40.0
197302,31.0,43.0,18.0
197303,25.0,32.0,17.0
197304,26.0,18.0,33.0
197305,26.0,12.0,39.0
197306,16.0,16.0,16.0
197307,9.0,2.0,16.0
197308,2.0,2.0,2.0
197309,6.0,-7.0,20.0
197310,12.0,-2.0,27.0
197311,5.0,-9.0,19.0
197312,-7.0,-2.0,-12.0
197401,-14.0,-31.0,4.0
197402,-28.0,-38.0,-18.0
197403,-5.0,4.0,-14.0
197404,-10.0,-10.0,-10.0
197405,-1.0,-18.0,16.0
197406,-5.0,-19.0,10.0
197407,-3.0,-12.0,6.0
197408,11.0,-12.0,33.0
197409,-14.0,-17.0,-10.0
197410,-7.0,-26.0,12.0
197411,-7.0,-24.0,10.0
197412,-10.0,-29.0,9.0
197501,8.0,13.0,3.0
197502,7.0,8.0,5.0
197503,14.0,15.0,13.0
197504,6.0,7.0,4.0
197505,17.0,1.0,33.0
197506,0.0,-5.0,4.0
197507,-2.0,-8.0,3.0
197508,-21.0,-14.0,-28.0
197509,-3.0,-7.0,2.0
197510,-9.0,-14.0,-4.0
197511,-16.0,-28.0,-4.0
197512,-17.0,-21.0,-14.0
197601,-1.0,8.0,-10.0
197602,-6.0,-12.0,-1.0
197603,-21.0,-31.0,-11.0
197604,-9.0,3.0,-21.0
197605,-23.0,-25.0,-21.0
197606,-15.0,-21.0,-9.0
197607,-10.0,-29.0,8.0
197608,-17.0,-24.0,-10.0
197609,-10.0,-11.0,-8.0
197610,-26.0,-49.0,-4.0
197611,-6.0,-31.0,19.0
197612,8.0,-27.0,43.0
197701,17.0,-16.0,50.0
197702,21.0,11.0,30.0
197703,25.0,27.0,22.0
197704,27.0,28.0,26.0
197705,30.0,23.0,37.0
197706,25.0,21.0,29.0
197707,23.0,8.0,38.0
197708,20.0,2.0,38.0
197709,2.0,15.0,-10.0
197710,5.0,-3.0,13.0
197711,20.0,28.0,12.0
197712,5.0,3.0,7.0
197801,8.0,14.0,2.0
197802,13.0,11.0,14.0
197803,21.0,20.0,22.0
197804,14.0,5.0,23.0
197805,7.0,-10.0,24.0
197806,-2.0,-15.0,11.0
197807,7.0,-7.0,22.0
197808,-19.0,-14.0,-24.0
197809,6.0,-1.0,12.0
197810,1.0,-2.0,5.0
197811,17.0,19.0,16.0
197812,11.0,5.0,16.0
197901,15.0,2.0,27.0
197902,-7.0,-34.0,19.0
197903,18.0,16.0,20.0
197904,12.0,-18.0,43.0
197905,6.0,0.0,11.0
197906,14.0,6.0,21.0
197907,2.0,4.0,1.0
197908,14.0,3.0,24.0
197909,26.0,17.0,35.0
197910,26.0,21.0,30.0
197911,29.0,23.0,36.0
197912,48.0,53.0,43.0
198001,30.0,19.0,41.0
198002,42.0,42.0,42.0
198003,29.0,6.0,53.0
198004,33.0,13.0,52.0
198005,35.0,22.0,47.0
198006,18.0,19.0,17.0
198007,29.0,12.0,45.0
198008,26.0,9.0,43.0
198009,22.0,9.0,36.0
198010,19.0,14.0,24.0
198011,28.0,21.0,36.0
198012,20.0,7.0,33.0
198101,55.0,85.0,25.0
198102,41.0,63.0,20.0
198103,49.0,69.0,30.0
198104,32.0,38.0,25.0
198105,23.0,15.0,31.0
198106,31.0,29.0,33.0
198107,35.0,11.0,58.0
198108,33.0,18.0,49.0
198109,18.0,17.0,19.0
198110,14.0,24.0,5.0
198111,22.0,38.0,6.0
198112,40.0,56.0,23.0
198201,9.0,-9.0,27.0
198202,16.0,17.0,14.0
198203,-2.0,4.0,-8.0
198204,9.0,14.0,5.0
198205,15.0,7.0,23.0
198206,4.0,1.0,7.0
198207,13.0,5.0,21.0
198208,9.0,-6.0,24.0
198209,16.0,9.0,23.0
198210,14.0,2.0,25.0
198211,13.0,-13.0,39.0
198212,43.0,37.0,48.0
198301,51.0,54.0,48.0
198302,40.0,36.0,44.0
198303,42.0,43.0,40.0
198304,30.0,7.0,53.0
198305,36.0,5.0,68.0
198306,19.0,12.0,26.0
198307,15.0,21.0,9.0
198308,31.0,26.0,36.0
198309,38.0,28.0,49.0
198310,16.0,12.0,20.0
198311,31.0,53.0,8.0
198312,17.0,13.0,20.0
198401,30.0,33.0,27.0
198402,16.0,5.0,27.0
198403,28.0,20.0,37.0
198404,9.0,-8.0,27.0
198405,34.0,22.0,45.0
198406,5.0,11.0,0.0
198407,15.0,9.0,22.0
198408,15.0,3.0,27.0
198409,19.0,-2.0,40.0
198410,15.0,7.0,22.0
198411,3.0,-12.0,19.0
198412,-6.0,-43.0,31.0
198501,21.0,8.0,34.0
198502,-5.0,-31.0,21.0
198503,17.0,-1.0,34.0
198504,10.0,-6.0,25.0
198505,18.0,9.0,26.0
198506,17.0,4.0,29.0
198507,1.0,-11.0,13.0
198508,14.0,-2.0,31.0
198509,15.0,1.0,29.0
198510,13.0,2.0,23.0
198511,10.0,4.0,15.0
198512,16.0,15.0,17.0
198601,30.0,37.0,22.0
198602,38.0,33.0,43.0
198603,29.0,26.0,32.0
198604,25.0,16.0,34.0
198605,26.0,18.0,34.0
198606,13.0,13.0,14.0
198607,13.0,-2.0,28.0
198608,12.0,3.0,21.0
198609,1.0,0.0,2.0
198610,14.0,6.0,22.0
198611,11.0,2.0,19.0
198612,15.0,7.0,24.0
198701,36.0,28.0,44.0
198702,46.0,55.0,37.0
198703,17.0,1.0,32.0
198704,26.0,9.0,42.0
198705,26.0,23.0,29.0
198706,35.0,18.0,52.0
198707,46.0,29.0,64.0
198708,27.0,28.0,27.0
198709,39.0,41.0,37.0
198710,32.0,23.0,41.0
198711,25.0,8.0,42.0
198712,47.0,52.0,42.0
198801,57.0,60.0,54.0
198802,42.0,42.0,41.0
198803,49.0,47.0,51.0
198804,44.0,43.0,46.0
198805,44.0,42.0,46.0
198806,41.0,39.0,44.0
198807,35.0,40.0,29.0
198808,44.0,25.0,63.0
198809,40.0,27.0,54.0
198810,37.0,24.0,51.0
198811,11.0,4.0,19.0
198812,33.0,48.0,18.0
198901,16.0,11.0,21.0
198902,35.0,48.0,21.0
198903,36.0,44.0,28.0
198904,33.0,36.0,30.0
198905,17.0,22.0,12.0
198906,15.0,25.0,4.0
198907,33.0,30.0,35.0
198908,35.0,28.0,42.0
198909,37.0,27.0,46.0
198910,33.0,27.0,38.0
198911,19.0,11.0,27.0
198912,36.0,37.0,35.0
199001,40.0,43.0,36.0
199002,41.0,50.0,31.0
199003,76.0,116.0,36.0
199004,54.0,66.0,41.0
199005,46.0,47.0,44.0
199006,37.0,49.0,26.0
199007,43.0,30.0,56.0
199008,30.0,36.0,24.0
199009,30.0,40.0,19.0
199010,42.0,47.0,38.0
199011,45.0,48.0,42.0
199012,41.0,38.0,45.0
199101,42.0,55.0,29.0
199102,50.0,52.0,48.0
199103,35.0,45.0,26.0
199104,51.0,54.0,49.0
199105,39.0,37.0,41.0
199106,54.0,44.0,65.0
199107,51.0,45.0,57.0
199108,42.0,35.0,49.0
199109,49.0,39.0,58.0
199110,31.0,30.0,32.0
199111,31.0,35.0,27.0
199112,33.0,22.0,43.0
199201,45.0,54.0,36.0
199202,43.0,48.0,37.0
199203,47.0,48.0,45.0
199204,23.0,9.0,37.0
199205,32.0,18.0,46.0
199206,24.0,4.0,45.0
199207,13.0,-8.0,34.0
199208,10.0,-6.0,26.0
199209,0.0,-20.0,19.0
199210,10.0,-15.0,35.0
199211,4.0,-8.0,15.0
199212,22.0,21.0,22.0
199301,37.0,42.0,32.0
199302,38.0,53.0,24.0
199303,36.0,41.0,32.0
199304,27.0,21.0,34.0
199305,26.0,30.0,23.0
199306,23.0,22.0,23.0
199307,27.0,12.0,42.0
199308,14.0,2.0,26.0
199309,11.0,-5.0,26.0
199310,23.0,14.0,31.0
199311,7.0,-14.0,29.0
199312,19.0,21.0,17.0
199401,31.0,38.0,23.0
199402,3.0,-3.0,10.0
199403,26.0,44.0,8.0
199404,40.0,48.0,32.0
199405,28.0,38.0,18.0
199406,41.0,42.0,40.0
199407,31.0,34.0,28.0
199408,22.0,31.0,13.0
199409,33.0,30.0,36.0
199410,42.0,53.0,31.0
199411,46.0,51.0,40.0
199412,36.0,34.0,38.0
199501,51.0,74.0,27.0
199502,78.0,117.0,39.0
199503,45.0,58.0,32.0
199504,47.0,72.0,22.0
199505,29.0,41.0,17.0
199506,44.0,48.0,40.0
199507,49.0,41.0,56.0
199508,49.0,56.0,42.0
199509,34.0,42.0,27.0
199510,49.0,62.0,35.0
199511,44.0,56.0,31.0
199512,30.0,32.0,28.0
199601,27.0,30.0,23.0
199602,49.0,58.0,40.0
199603,34.0,30.0,38.0
199604,36.0,20.0,52.0
199605,29.0,36.0,22.0
199606,26.0,24.0,28.0
199607,35.0,29.0,42.0
199608,50.0,18.0,81.0
199609,26.0,5.0,47.0
199610,20.0,4.0,36.0
199611,41.0,37.0,44.0
199612,40.0,39.0,41.0
199701,32.0,38.0,27.0
199702,37.0,56.0,18.0
199703,51.0,77.0,24.0
199704,37.0,52.0,22.0
199705,38.0,44.0,32.0
199706,54.0,50.0,57.0
199707,36.0,44.0,28.0
199708,41.0,47.0,36.0
199709,56.0,55.0,57.0
199710,64.0,69.0,60.0
199711,65.0,60.0,70.0
199712,59.0,53.0,66.0
199801,61.0,66.0,56.0
199802,88.0,105.0,72.0
199803,61.0,71.0,52.0
199804,64.0,88.0,40.0
199805,71.0,66.0,75.0
199806,77.0,74.0,80.0
199807,70.0,78.0,63.0
199808,69.0,73.0,64.0
199809,46.0,62.0,30.0
199810,46.0,55.0,36.0
199811,49.0,59.0,39.0
199812,57.0,78.0,36.0
199901,48.0,60.0,36.0
199902,67.0,104.0,30.0
199903,33.0,30.0,36.0
199904,34.0,55.0,12.0
199905,32.0,43.0,22.0
199906,37.0,39.0,35.0
199907,41.0,38.0,44.0
199908,35.0,37.0,32.0
199909,43.0,41.0,45.0
199910,42.0,44.0,40.0
199911,40.0,54.0,26.0
199912,47.0,75.0,20.0
200001,26.0,35.0,17.0
200002,59.0,90.0,27.0
200003,59.0,87.0,30.0
200004,59.0,89.0,30.0
200005,39.0,57.0,22.0
200006,43.0,47.0,39.0
200007,42.0,43.0,40.0
200008,42.0,49.0,35.0
200009,43.0,39.0,47.0
200010,28.0,31.0,26.0
200011,33.0,21.0,45.0
200012,30.0,29.0,30.0
200101,44.0,55.0,33.0
200102,46.0,50.0,42.0
200103,57.0,78.0,36.0
200104,52.0,59.0,45.0
200105,59.0,63.0,54.0
200106,54.0,55.0,52.0
200107,60.0,64.0,56.0
200108,49.0,67.0,32.0
200109,55.0,56.0,55.0
200110,51.0,60.0,42.0
200111,70.0,96.0,44.0
200112,54.0,66.0,43.0
200201,74.0,99.0,49.0
200202,76.0,109.0,43.0
200203,90.0,114.0,66.0
200204,58.0,51.0,65.0
200205,65.0,50.0,79.0
200206,55.0,70.0,39.0
200207,60.0,68.0,53.0
200208,54.0,53.0,56.0
200209,64.0,58.0,69.0
200210,56.0,54.0,58.0
200211,59.0,76.0,41.0
200212,42.0,45.0,38.0
200301,72.0,89.0,55.0
200302,54.0,50.0,59.0
200303,56.0,60.0,52.0
200304,54.0,59.0,49.0
200305,62.0,71.0,54.0
200306,48.0,54.0,42.0
200307,55.0,64.0,46.0
200308,65.0,81.0,49.0
200309,66.0,77.0,56.0
200310,75.0,95.0,55.0
200311,54.0,67.0,42.0
200312,73.0,96.0,50.0
200401,57.0,68.0,47.0
200402,69.0,88.0,50.0
200403,65.0,91.0,40.0
200404,62.0,76.0,48.0
200405,41.0,56.0,27.0
200406,42.0,48.0,36.0
200407,26.0,50.0,3.0
200408,44.0,54.0,35.0
200409,53.0,60.0,46.0
200410,66.0,74.0,57.0
200411,72.0,95.0,48.0
200412,51.0,46.0,57.0
200501,72.0,89.0,55.0
200502,58.0,67.0,49.0
200503,69.0,84.0,53.0
200504,69.0,92.0,46.0
200505,64.0,77.0,50.0
200506,66.0,80.0,52.0
200507,65.0,76.0,55.0
200508,63.0,70.0,56.0
200509,76.0,90.0,62.0
200510,79.0,95.0,63.0
200511,75.0,103.0,47.0
200512,67.0,79.0,55.0
200601,56.0,63.0,50.0
200602,71.0,93.0,49.0
200603,64.0,80.0,47.0
200604,49.0,59.0,39.0
200605,47.0,73.0,21.0
200606,64.0,78.0,49.0
200607,55.0,67.0,43.0
200608,71.0,66.0,76.0
200609,64.0,74.0,53.0
200610,70.0,97.0,42.0
200611,73.0,95.0,51.0
200612,78.0,113.0,42.0
200701,96.0,135.0,58.0
200702,69.0,92.0,46.0
200703,71.0,95.0,47.0
200704,75.0,107.0,43.0
200705,68.0,72.0,65.0
200706,58.0,65.0,51.0
200707,62.0,63.0,61.0
200708,61.0,71.0,51.0
200709,64.0,68.0,61.0
200710,60.0,84.0,36.0
200711,57.0,79.0,35.0
200712,48.0,73.0,24.0
200801,26.0,24.0,28.0
200802,35.0,50.0,20.0
200803,74.0,112.0,36.0
200804,53.0,65.0,41.0
200805,51.0,60.0,41.0
200806,47.0,62.0,32.0
200807,60.0,58.0,62.0
200808,45.0,59.0,30.0
200809,64.0,58.0,70.0
200810,67.0,86.0,48.0
200811,66.0,91.0,42.0
200812,54.0,66.0,43.0
200901,61.0,79.0,43.0
200902,53.0,71.0,36.0
200903,53.0,59.0,47.0
200904,60.0,68.0,52.0
200905,63.0,64.0,63.0
200906,66.0,70.0,63.0
200907,72.0,63.0,81.0
200908,67.0,69.0,65.0
200909,70.0,78.0,61.0
200910,65.0,75.0,55.0
200911,78.0,82.0,73.0
200912,65.0,67.0,62.0
201001,73.0,78.0,68.0
201002,79.0,88.0,69.0
201003,92.0,111.0,73.0
201004,87.0,115.0,59.0
201005,75.0,92.0,57.0
201006,65.0,82.0,48.0
201007,62.0,84.0,39.0
201008,65.0,82.0,47.0
201009,62.0,65.0,60.0
201010,71.0,88.0,54.0
201011,80.0,118.0,41.0
201012,49.0,57.0,40.0
201101,51.0,57.0,45.0
201102,51.0,59.0,43.0
201103,64.0,88.0,40.0
201104,66.0,83.0,48.0
201105,54.0,63.0,44.0
201106,59.0,73.0,44.0
201107,74.0,71.0,77.0
201108,73.0,68.0,78.0
201109,56.0,69.0,44.0
201110,66.0,88.0,45.0
201111,56.0,61.0,50.0
201112,53.0,76.0,30.0
201201,46.0,60.0,31.0
201202,49.0,57.0,41.0
201203,57.0,72.0,43.0
201204,68.0,103.0,33.0
201205,76.0,92.0,61.0
201206,62.0,87.0,37.0
201207,57.0,81.0,32.0
201208,64.0,71.0,56.0
201209,75.0,85.0,65.0
201210,78.0,85.0,72.0
201211,74.0,90.0,58.0
201212,52.0,44.0,59.0
201301,67.0,78.0,55.0
201302,56.0,66.0,45.0
201303,64.0,81.0,48.0
201304,53.0,67.0,39.0
201305,61.0,76.0,47.0
201306,65.0,73.0,58.0
201307,59.0,69.0,49.0
201308,65.0,68.0,63.0
201309,77.0,68.0,86.0
201310,69.0,82.0,56.0
201311,80.0,105.0,55.0
201312,66.0,77.0,55.0
201401,73.0,95.0,51.0
201402,50.0,66.0,35.0
201403,77.0,117.0,36.0
201404,78.0,105.0,51.0
201405,86.0,90.0,82.0
201406,66.0,82.0,49.0
201407,58.0,74.0,42.0
201408,81.0,90.0,72.0
201409,90.0,86.0,94.0
201410,85.0,96.0,75.0
201411,69.0,84.0,53.0
201412,79.0,109.0,48.0
201501,81.0,114.0,49.0
201502,87.0,115.0,59.0
201503,90.0,123.0,57.0
201504,73.0,101.0,45.0
201505,78.0,99.0,57.0
201506,78.0,104.0,52.0
201507,73.0,88.0,58.0
201508,78.0,99.0,57.0
201509,82.0,112.0,52.0
201510,106.0,123.0,89.0
201511,102.0,132.0,71.0
201512,110.0,144.0,76.0
201601,113.0,150.0,75.0
201602,134.0,189.0,78.0
201603,128.0,178.0,79.0
